{"cameraMode":{"drawMode":0,"name":"Shaded","section":"Shading Mode"},"sceneLighting":true,"audioPlay":false,"sceneViewState":{"showFog":true,"showMaterialUpdate":false,"showSkybox":true,"showFlares":true,"showImageEffects":true,"showParticleSystems":true},"in2DMode":false,"pivot":{"x":1.5186245441436768,"y":-12.356136322021485,"z":-0.6081509590148926},"rotation":{"x":0.8707893490791321,"y":0.0599377267062664,"z":-0.10977153480052948,"w":0.47548261284828188},"size":10.064888954162598,"orthographic":true}